file,experiment,pretrained_here,target_block,n_features,target_kind,loss,dropout_fraction,corpus,seed,source,sha256,bytes
flavors/osmordred__s42.pt,flavor sweep,yes,osmordred 2D descriptors,3580,continuous,MSE,0.85,"corpus_full.parquet (944,296 molecules)",42,sarizard/pretraining/runs/osmordred__s42,851cb23c2ea81b8fefa73d50b873cff50ffd971bdc443cba6f5f7864097050db,34859841
flavors/rdkit2d__s42.pt,flavor sweep,yes,RDKit 2D descriptors,200,continuous,MSE,0.85,"corpus_full.parquet (944,296 molecules)",42,sarizard/pretraining/runs/rdkit2d__s42,538a054f6fa1d3b80d296ac999ec7fb8ea614d398d4774fb65fb1611f2a9a131,34859821
flavors/erg__s42.pt,flavor sweep,yes,extended reduced-graph pharmacophore,315,continuous,MSE,0.85,"corpus_full.parquet (944,296 molecules)",42,sarizard/pretraining/runs/erg__s42,439be4d74b7bf0fe674c92fa7f827f3b1d1429b5bcd1d6b2e618cfc9bba52c6c,34859781
flavors/ecfp__s42.pt,flavor sweep,yes,ECFP4 fingerprint bits,2048,binary,BCE,0.85,"corpus_full.parquet (944,296 molecules)",42,sarizard/pretraining/runs/ecfp__s42,28b92750f5b12744f3da9b7fef4fa0f9c5a28a1dae2bb2dc5337f62d8173c557,34859791
flavors/atompair__s42.pt,flavor sweep,yes,atom-pair fingerprint bits,2048,binary,BCE,0.85,"corpus_full.parquet (944,296 molecules)",42,sarizard/pretraining/runs/atompair__s42,767c9308b67b07e040f9874f740e3ac87b7d4c75842c0e4ff772568e052759c0,34859831
flavors/pubchem__s42.pt,flavor sweep,yes,PubChem key bits,881,binary,BCE,0.85,"corpus_full.parquet (944,296 molecules)",42,sarizard/pretraining/runs/pubchem__s42,5363a13b8c1399abb1aa412fe53cee89678f21d4bf3152ae9309adb7f517aa32,34859821
flavors/usrcat__s42.pt,flavor sweep,yes,USRCAT shape descriptors,60,continuous,MSE,0.85,"corpus_full.parquet (944,296 molecules)",42,sarizard/pretraining/runs/usrcat__s42,00383f5a68beedb6a32df37809d490f439400f5d9d993e82e09d96490731b0cd,34859811
flavors/whim__s42.pt,flavor sweep,yes,WHIM 3D descriptors,114,continuous,MSE,0.85,"corpus_full.parquet (944,296 molecules)",42,sarizard/pretraining/runs/whim__s42,9b7f37f6a5ee2d1863134d03e6a42e0016801669e3c97262027fc13479811cb9,34859791
flavors/e3fp__s42.pt,flavor sweep,yes,E3FP 3D fingerprint bits,1024,binary,BCE,0.85,"corpus_full.parquet (944,296 molecules)",42,sarizard/pretraining/runs/e3fp__s42,61a3c78869f9e2b2732d4bc255be6bf8a0dd13a76b2108205b3e3423ba861f65,34859791
flavors/jazzy__s42.pt,flavor sweep,yes,jazzy hydration-energy and H-bond strengths,6,continuous,MSE,0.0,"corpus_full.parquet (944,296 molecules)",42,sarizard/pretraining/runs/jazzy__s42,a4e94d2f560af9784fa8a07c1a0431468648a75093431454c671a660b8ce4af4,34859801
flavors/minimol__s42.pt,flavor sweep,yes,Minimol learned embeddings,512,continuous,MSE,0.85,"corpus_full.parquet (944,296 molecules)",42,sarizard/pretraining/runs/minimol__s42,53466446e4301b7e22a2ed07b546ea58b205fd5739e7b849ff23b174a14e3f7a,34859821
flavors/surrogate_adme__s42.pt,flavor sweep,yes,25 Novartis ADME model predictions,25,continuous,MSE,0.0,Novartis surrogate-ADME corpus (not the shared corpus),42,sarizard/pretraining/runs/surrogate_adme__s42,924b61bc3778266669663db079f547c8d982f1af0e07b9936767d5a91da97f0e,34859955
flavors/osmordred_pca80__s42.pt,flavor sweep,yes,"osmordred descriptors, PCA to 80% variance",70,continuous,MSE,0.85,"corpus_full.parquet (944,296 molecules)",42,sarizard/pretraining/runs/osmordred_pca80__s42,17f99a075826c230071986c750eae7c09c4f771cd63f733e4b2293d330749a39,34859965
flavors/osmordred_pca90__s42.pt,flavor sweep,yes,"osmordred descriptors, PCA to 90% variance",147,continuous,MSE,0.85,"corpus_full.parquet (944,296 molecules)",42,sarizard/pretraining/runs/osmordred_pca90__s42,70951da6ece3583e98557e74dcd8eba2ec6b1cb6ac3a30d56548e94a23f9919e,34859965
flavors/osmordred_pca95__s42.pt,flavor sweep,yes,"osmordred descriptors, PCA to 95% variance",237,continuous,MSE,0.85,"corpus_full.parquet (944,296 molecules)",42,sarizard/pretraining/runs/osmordred_pca95__s42,cad94a2751d8062c99f527a937fa905ebe4b46c58ed6c50e43c703daa1cf6e00,34859965
prescaling_ablations/ablation_chemeleon_baseline__s42.pt,prescaling ablation,yes,ablation_chemeleon_baseline,3580,continuous,MSE,,"corpus_full.parquet (944,296 molecules)",42,sarizard/pretraining/runs/ablation_chemeleon_baseline__s42,062801b9a7c87d20c3522cb6e358f0460466621f33017b32014c860a10c30d5a,34860149
prescaling_ablations/ablation_minimal__s42.pt,prescaling ablation,yes,ablation_minimal,3580,continuous,MSE,,"corpus_full.parquet (944,296 molecules)",42,sarizard/pretraining/runs/ablation_minimal__s42,049757ef1fb8914a9d97fb2ceaff6c632238bdfc49f02791e7da097b11d3ba27,34859975
prescaling_ablations/ablation_order_fix__s42.pt,prescaling ablation,yes,ablation_order_fix,3580,continuous,MSE,,"corpus_full.parquet (944,296 molecules)",42,sarizard/pretraining/runs/ablation_order_fix__s42,a7e53056b438865ab5ff956f160ef42a0a5633d1bc662618380c67fc7dedaa8c,34859995
prescaling_ablations/ablation_plus_drop_corr__s42.pt,prescaling ablation,yes,ablation_plus_drop_corr,2805,continuous,MSE,,"corpus_full.parquet (944,296 molecules)",42,sarizard/pretraining/runs/ablation_plus_drop_corr__s42,370d5e0da978a3560e2572cba404c58c0a3af841cbff94d1433e9ecb1810b809,34860045
prescaling_ablations/ablation_plus_drop_low_var__s42.pt,prescaling ablation,yes,ablation_plus_drop_low_var,2028,continuous,MSE,,"corpus_full.parquet (944,296 molecules)",42,sarizard/pretraining/runs/ablation_plus_drop_low_var__s42,349f80fd2708dbd6588d1cc7685a1fd5e9bae7062ac539f4d6c2dbb3da4bb540,34860075
prescaling_ablations/ablation_plus_yeo_johnson__s42.pt,prescaling ablation,yes,ablation_plus_yeo_johnson,3580,continuous,MSE,,"corpus_full.parquet (944,296 molecules)",42,sarizard/pretraining/runs/ablation_plus_yeo_johnson__s42,4e5fcdfd4d1ac462e81128b2edb9cd63cf3d610fc4ca43bf3ac55c5f7933ff72,34860065
prescaling_ablations/ablation_full__s42.pt,prescaling ablation,yes,ablation_full,1233,continuous,MSE,,"corpus_full.parquet (944,296 molecules)",42,sarizard/pretraining/runs/ablation_full__s42,eb4136dd63e44754d539e8408acce1366df1d00529ed4add9da279a8baee7e01,34859881
controls/osmordred_surrogate__s42.pt,standalone control,yes,osmordred 2D descriptors on the Novartis corpus,3582,continuous,MSE,0.85,Novartis surrogate-ADME corpus (not the shared corpus),42,sarizard/pretraining/runs/osmordred_surrogate__s42,2a055952daec0c1ce93bcad6c9268c6025a36b604b341393d21bdef6652a9045,34860005
external_reference/molpile_1M__s42.pt,external reference,no,unknown (external),,,,,unknown (not pretrained in this repo),42,/home/westd1/myscratch/foundation-models/datafiles/foundation_models/molpile_1M_converted.pt,0d8ec35344596719d7d9917871be1a8e7776df25de059287c011ad43ac1b5d00,34859935
external_reference/molpile_5M__s42.pt,external reference,no,unknown (external),,,,,unknown (not pretrained in this repo),42,/home/westd1/myscratch/foundation-models/datafiles/foundation_models/molpile_5M_converted.pt,d569d18ae927dd9c9f79c55ddc03c2523c991bbe164dd219b111bae3e8aebca6,34859935
external_reference/molpile_10M__s42.pt,external reference,no,unknown (external),,,,,unknown (not pretrained in this repo),42,/home/westd1/myscratch/foundation-models/datafiles/foundation_models/molpile_10M_converted.pt,c820a430bbc00c68a00f004bcad70c27fc25e58148c5a9396043a3aeee6a60bb,34859945
external_reference/expansion_gen__s42.pt,external reference,no,unknown (external),,,,,unknown (not pretrained in this repo),42,/home/westd1/myscratch/202606_generative_foundation_models/expansion_gen/best_converted.pt,8187739dda220944d3d5cef8923a1cba7ae8abae3d4fae8d47de1a78c72b2a1d,34859875
